{
  "version": 1,
  "author": "Washington Oketch",
  "editor": "wokwi",
  "parts": [
    { "type": "wokwi-breadboard", "id": "bb1", "top": -51, "left": 252.4, "attrs": {} },
    { "type": "wokwi-arduino-uno", "id": "uno", "top": -57, "left": -87, "attrs": {} },
    { "type": "wokwi-ds1307", "id": "rtc1", "top": 186.6, "left": -38.3, "attrs": {} },
    { "type": "wokwi-photoresistor-sensor", "id": "ldr1", "top": 224, "left": 96.8, "attrs": {} },
    {
      "type": "wokwi-pir-motion-sensor",
      "id": "pir1",
      "top": -197.6,
      "left": 290.22,
      "attrs": {}
    },
    { "type": "board-ds18b20", "id": "temp1", "top": -193.13, "left": 407.28, "attrs": {} },
    { "type": "wokwi-servo", "id": "servo1", "top": -213.2, "left": 528, "attrs": {} },
    { "type": "wokwi-relay-module", "id": "relay1", "top": -537.4, "left": 873.6, "attrs": {} },
    { "type": "wokwi-relay-module", "id": "relay2", "top": -422.2, "left": 873.6, "attrs": {} },
    { "type": "wokwi-relay-module", "id": "relay3", "top": -307, "left": 864, "attrs": {} },
    {
      "type": "wokwi-lcd1602",
      "id": "lcd1",
      "top": -12.8,
      "left": 1013.6,
      "attrs": { "pins": "i2c" }
    },
    {
      "type": "wokwi-ntc-temperature-sensor",
      "id": "ntc1",
      "top": -45.4,
      "left": 2831.4,
      "attrs": {}
    },
    {
      "type": "wokwi-resistor",
      "id": "r1",
      "top": 13.55,
      "left": 355.2,
      "attrs": { "value": "4700" }
    }
  ],
  "connections": [
    [ "rtc1:GND", "uno:GND.2", "black", [ "h-19.2", "v-38.4", "h124.8" ] ],
    [ "rtc1:SDA", "uno:A4", "green", [ "h-38.4", "v-48.3", "h230.4" ] ],
    [ "rtc1:SCL", "uno:A5", "green", [ "h-57.6", "v-48.2", "h259.2" ] ],
    [ "rtc1:5V", "uno:5V", "red", [ "h-67.2", "v-58", "h163.2" ] ],
    [ "uno:5V", "bb1:bp.1", "red", [ "v28.7", "h195.8", "v-19.2" ] ],
    [ "uno:GND.3", "bb1:bn.1", "black", [ "v47.9", "h205.6" ] ],
    [ "ldr1:VCC", "bb1:bp.5", "red", [ "h76.8", "v-105.6" ] ],
    [ "ldr1:DO", "uno:1", "green", [ "h19.2", "v-67.8", "h-96", "v-259.2", "h-38.4" ] ],
    [ "ldr1:AO", "uno:A3", "green", [ "h38.4", "v-67.9", "h-153.6" ] ],
    [ "ldr1:GND", "bb1:bn.6", "black", [ "h0" ] ],
    [ "bb1:bp.2", "bb1:tp.1", "green", [ "v-10.5", "h-68", "v-182.4", "h57.6" ] ],
    [ "bb1:bn.3", "bb1:tn.1", "green", [ "v27.5", "h-96.8", "v-211.2" ] ],
    [ "pir1:VCC", "bb1:tp.4", "red", [ "v0" ] ],
    [ "pir1:GND", "bb1:tn.5", "black", [ "v0" ] ],
    [ "pir1:OUT", "uno:2", "green", [ "v19.2", "h-134.54" ] ],
    [ "servo1:GND", "bb1:tn.16", "black", [ "h-67.2", "v124.8" ] ],
    [ "servo1:V+", "bb1:tp.16", "green", [ "h0" ] ],
    [ "servo1:PWM", "uno:9", "green", [ "h-38.4", "v-76.6", "h-364.8" ] ],
    [ "relay1:VCC", "bb1:tp.37", "red", [ "h0" ] ],
    [ "relay2:VCC", "bb1:tp.38", "red", [ "h0" ] ],
    [ "relay3:VCC", "bb1:tp.39", "red", [ "h0" ] ],
    [ "relay1:GND", "bb1:tn.41", "black", [ "h0" ] ],
    [ "relay2:GND", "bb1:tn.42", "black", [ "h0" ] ],
    [ "relay3:GND", "bb1:tn.43", "black", [ "h0" ] ],
    [ "relay1:IN", "uno:4", "green", [ "h0" ] ],
    [ "relay2:IN", "uno:5", "green", [ "h0" ] ],
    [ "relay3:IN", "uno:6", "green", [ "h0" ] ],
    [ "lcd1:SDA", "uno:A2", "green", [ "h-96", "v77", "h-720", "v38.4", "h-57.6" ] ],
    [ "lcd1:SCL", "uno:A1", "green", [ "h-86.4", "v163.5", "h-796.8" ] ],
    [ "lcd1:GND", "bb1:tn.50", "black", [ "h-96", "v-38.4" ] ],
    [ "lcd1:VCC", "bb1:tp.50", "red", [ "h-76.8", "v-57.5" ] ],
    [ "temp1:VCC", "bb1:tp.13", "red", [ "v0" ] ],
    [ "temp1:DQ", "bb1:tp.12", "green", [ "v0" ] ],
    [ "temp1:GND", "bb1:tn.6", "black", [ "v38.4", "h-48" ] ],
    [ "bb1:tp.11", "bb1:15t.a", "green", [ "v0" ] ],
    [ "bb1:9t.a", "uno:3", "green", [ "v-19.2", "h-48", "v-57.6", "h-163.2" ] ],
    [ "r1:1", "bb1:9t.c", "", [ "$bb" ] ],
    [ "r1:2", "bb1:15t.c", "", [ "$bb" ] ]
  ],
  "dependencies": {}
}